{
  "schemaVersion": "2.0.0",
  "messageType": "RetailEvent",
  "eventType": "ORIGINAL",
  "eventId": "7427425005982115415",
  "occurredAt": "2026-02-11T18:56:07Z",
  "ingestedAt": "2026-02-11T18:56:10Z",
  "businessContext": {
    "businessDay": "2026-02-11",
    "channel": "STORE",
    "fulfillment": "CARRYOUT",
    "store": { "currency": "CAD", "storeId": "55010", "taxArea": "ON" },
    "workstation": { "registerId": "06", "sequenceNumber": 786, "type": "POS" }
  },
  "eventCategory": "TRANSACTION",
  "eventSubType": "transactionSale",
  "transaction": {
    "transactionType": "SALE",
    "items": [
      {
        "attributes": { "x-epp-coverage-identifier": "0" },
        "item": {
          "description": "SEED GRASS ALL PURPOSE 1KG",
          "sku": "000395050"
        },
        "lineId": "177083611635326812425",
        "pricing": {
          "extendedPrice": { "currency": "CAD", "value": "19.93" },
          "originalUnitPrice": { "currency": "CAD", "value": "19.99" },
          "priceOverride": {
            "approvedBy": "6006523",
            "overridden": true,
            "overrideUnitPrice": { "currency": "CAD", "value": "19.93" },
            "reason": "1704"
          },
          "priceVehicle": "MAN:D0",
          "unitPrice": { "currency": "CAD", "value": "19.93" }
        },
        "quantity": { "uom": "EA", "value": 1 },
        "taxes": [
          {
            "amount": { "currency": "CAD", "value": "2.59" },
            "jurisdiction": { "region": "HON" },
            "ratePercent": "13",
            "taxCode": "HST"
          }
        ]
      }
    ],
    "tenders": [
      {
        "amount": { "currency": "CAD", "value": "22.50" },
        "card": { "responseCode": "SETTLE" },
        "method": "CASH",
        "requestedAmount": { "currency": "CAD", "value": "22.50" },
        "tenderId": "CA"
      }
    ],
    "totals": {
      "cashRounding": { "currency": "CAD", "value": "-0.02" },
      "changeDue": { "currency": "CAD", "value": "0.00" },
      "discounts": { "currency": "CAD", "value": "0.00" },
      "gross": { "currency": "CAD", "value": "19.93" },
      "net": { "currency": "CAD", "value": "22.50" },
      "tax": { "currency": "CAD", "value": "2.59" }
    }
  },
  "promotions": [],
  "actor": {
    "cashier": { "loginId": "6006523" },
    "customer": { "customerIdToken": "" }
  }
}
