{
  "RIMSLF": [
    {
      "SLFTTP": "01",
      "SLFLNT": "01",
      "SLFTDT": "260211",
      "SLFTTM": "135808",
      "SLFCLK": "00006",
      "SLFREG": "006",
      "SLFTTX": "00787",
      "SLFTSQ": "00001",
      "SLFSKU": "000395050",
      "SLFQTY": "000000100",
      "SLFQTN": "",
      "SLFORG": "000001999",
      "SLFORN": "",
      "SLFADC": "0000",
      "SLFADP": "000000000",
      "SLFADN": "",
      "SLFOVR": "000000000",
      "SLFOVN": "",
      "SLFDST": "",
      "SLFDSA": "000000000",
      "SLFDSN": "",
      "SLFSEL": "000001999",
      "SLFSLN": "",
      "SLFEXT": "00000001999",
      "SLFEXN": "",
      "SLFTX1": "N",
      "SLFTX2": "N",
      "SLFTX3": "Y",
      "SLFTX4": "N",
      "SLFRFC": "",
      "SLFRFD": "",
      "SLFUPC": "0000000000000",
      "SLFSPS": "60065",
      "SLFSTS": " ",
      "SLFZIP": "         0",
      "SLFCNM": "",
      "SLFNUM": "",
      "SLFRSN": "                ",
      "SLFOSP": "00000",
      "SLFOST": "00000",
      "SLFGDA": "000000000",
      "SLFGDS": "",
      "SLFGDR": "00",
      "SLFRDR": "00",
      "SLFSCN": "N",
      "SLFACD": "",
      "SLFTCD": "",
      "SLFTE1": "",
      "SLFTE2": "",
      "SLFTEN": "",
      "SLFPVC": "REG ",
      "SLFREF": "ORG         ",
      "SLFORT": "000001999",
      "SLFOPN": "",
      "SLFOTS": "00000",
      "SLFOTD": "000000",
      "SLFOTR": "000",
      "SLFOTT": "00000",
      "SLFPLC": 55010,
      "SLFPCN": 1,
      "SLFPDT": 260211,
      "SLFCCN": 1,
      "SLFCDT": 260211,
      "SLFCTM": 135808,
      "SLFORD": "",
      "ASFPRO": "",
      "ASFSST": 0,
      "ASFIST": 0,
      "SLFEML": "",
      "SLFECN": 0
    },
    {
      "SLFTTP": "01",
      "SLFLNT": "XH",
      "SLFTDT": "260211",
      "SLFTTM": "135808",
      "SLFCLK": "00006",
      "SLFREG": "006",
      "SLFTTX": "00787",
      "SLFTSQ": "00002",
      "SLFSKU": "000000000",
      "SLFQTY": "000000100",
      "SLFQTN": "",
      "SLFORG": "000000000",
      "SLFORN": "",
      "SLFADC": "0000",
      "SLFADP": "000000000",
      "SLFADN": "",
      "SLFOVR": "000000000",
      "SLFOVN": "",
      "SLFDST": "",
      "SLFDSA": "000000000",
      "SLFDSN": "",
      "SLFSEL": "000000260",
      "SLFSLN": "",
      "SLFEXT": "00000000260",
      "SLFEXN": "",
      "SLFTX1": "N",
      "SLFTX2": "N",
      "SLFTX3": "N",
      "SLFTX4": "N",
      "SLFRFC": "",
      "SLFRFD": "",
      "SLFUPC": "0000000000000",
      "SLFSPS": "60065",
      "SLFSTS": " ",
      "SLFZIP": "         0",
      "SLFCNM": "",
      "SLFNUM": "",
      "SLFRSN": "",
      "SLFOSP": "00000",
      "SLFOST": "00000",
      "SLFGDA": "000000000",
      "SLFGDS": "",
      "SLFGDR": "00",
      "SLFRDR": "00",
      "SLFSCN": "",
      "SLFACD": "HON   ",
      "SLFTCD": "HST   ",
      "SLFTE1": "",
      "SLFTE2": "",
      "SLFTEN": "",
      "SLFPVC": "",
      "SLFREF": "",
      "SLFORT": "000000000",
      "SLFOPN": "",
      "SLFOTS": "00000",
      "SLFOTD": "000000",
      "SLFOTR": "000",
      "SLFOTT": "00000",
      "SLFPLC": 55010,
      "SLFPCN": 1,
      "SLFPDT": 260211,
      "SLFCCN": 1,
      "SLFCDT": 260211,
      "SLFCTM": 135808,
      "SLFORD": "",
      "ASFPRO": "",
      "ASFSST": 0,
      "ASFIST": 0,
      "SLFEML": "",
      "SLFECN": 0
    }
  ],
  "RIMTNF": [
    {
      "TNFTTP": "01",
      "TNFTDT": "260211",
      "TNFTTM": "135808",
      "TNFCLK": "00006",
      "TNFREG": "006",
      "TNFTTX": "00787",
      "TNFTSQ": "00003",
      "TNFFCD": "CA",
      "TNFAMT": "00000002260",
      "TNFAMN": "",
      "TNFCCD": "*******************",
      "TNFEXP": "0000",
      "TNFAUT": "",
      "TNFRFC": "",
      "TNFRDS": "",
      "TNFMBR": "",
      "TNFSTS": " ",
      "TNFESI": "",
      "TNFZIP": "",
      "TNFMSR": " ",
      "TNFEML": "",
      "TNFHSH": "",
      "TNFPLC": 55010,
      "TNFPCN": 1,
      "TNFPDT": 260211,
      "TNFCCN": 1,
      "TNFCDT": 260211,
      "TNFCTM": 135808,
      "ATFSST": 0,
      "ATFIST": 0,
      "ATFOTX": "",
      "ATFMBT": " ",
      "ATFORD": "",
      "ATFPRO": ""
    }
  ]
}